,Single-Unit,2-to-4 Unit,5-to-49 Unit,50+ Units
2012,0.09,0.38,0.30,0.23
2013,0.09,0.37,0.32,0.22
2014,0.09,0.37,0.31,0.23
2015,0.10,0.36,0.32,0.22
2016,0.10,0.36,0.32,0.23
2017,0.10,0.34,0.32,0.24
2018,0.09,0.37,0.29,0.24
2019,0.08925269305,0.3556580205,0.2908946316,0.2641946549
2021,0.0818724618,0.3241818067,0.3087750856,0.2851706459