,Single-Family,2-to-4 Unit,5-to-49 Unit,50+ Units
2007,0.1152333037,0.3565109236,0.3424747666,0.1857810061
2011,0.1318492084,0.3413053249,0.3332352119,0.1936102547
2014,0.1433534506,0.3119380281,0.3383981076,0.2063104137
